Image Pair,Keypoints (Img1),Keypoints (Img2),Matches,Match Ratio (Img1),Match Ratio (Img2),Fundamental Inliers,Inlier Ratio,New Inliers,New Inlier Ratio,Final Decision
image1.JPG - image2.JPG,2337,4457,964,0.4124946512623021,0.21628898362126991,881,0.9139004149377593,454,0.5153234960272418,Accepted
image1.JPG - image3.JPG,2337,491,125,0.05348737697903295,0.2545824847250509,34,0.272,19,0.5588235294117647,Rejected
image2.JPG - image3.JPG,4457,491,202,0.0453219654476105,0.41140529531568226,88,0.43564356435643564,65,0.7386363636363636,Accepted
