Image Pair,Keypoints (Img1),Keypoints (Img2),Matches,Match Ratio (Img1),Match Ratio (Img2),Fundamental Inliers,Inlier Ratio,New Inliers,New Inlier Ratio,Final Decision
IMG2536.JPG - IMG2537.JPG,667,610,257,0.3853073463268366,0.42131147540983604,222,0.8638132295719845,168,0.7567567567567568,Accepted
IMG2536.JPG - IMG2538.JPG,667,751,153,0.22938530734632684,0.20372836218375498,95,0.6209150326797386,57,0.6,Accepted
IMG2537.JPG - IMG2538.JPG,610,751,121,0.19836065573770492,0.1611185086551265,78,0.6446280991735537,50,0.6410256410256411,Accepted
