Image Pair,Keypoints (Img1),Keypoints (Img2),Matches,Match Ratio (Img1),Match Ratio (Img2),Fundamental Inliers,Inlier Ratio,New Inliers,New Inlier Ratio,Final Decision
image4.JPG - image1.JPG,5475,6861,127,0.02319634703196347,0.018510421221396296,50,0.3937007874015748,24,0.48,Rejected
image4.JPG - image2.JPG,5475,7277,260,0.047488584474885846,0.03572900920709084,172,0.6615384615384615,91,0.5290697674418605,Accepted
image4.JPG - image3.JPG,5475,5997,675,0.1232876712328767,0.11255627813906953,582,0.8622222222222222,492,0.845360824742268,Accepted
image1.JPG - image2.JPG,6861,7277,1613,0.235096924646553,0.2216572763501443,1535,0.9516429014259145,1377,0.8970684039087948,Accepted
image1.JPG - image3.JPG,6861,5997,505,0.07360443084098528,0.08420877105219277,400,0.7920792079207921,190,0.475,Accepted
image2.JPG - image3.JPG,7277,5997,1289,0.17713343410746188,0.21494080373520094,1184,0.9185415050426687,896,0.7567567567567568,Accepted
